doc0,123456,FABOZZI,MAGNUSEN,SHIPPS,3,male,5,FABOZZIMAGNUSEN@hospital.com
doc1,123456,ECKBURG,DUPAY,BAHRE,6,female,1,ECKBURGDUPAY@hospital.com
doc10,123456,SOECHTING,EBBECKE,STONEBRAKER,9,male,4,SOECHTINGEBBECKE@hospital.com
doc100,123456,BRILLIANT,INKROTT,UEBELHOR,4,male,2,BRILLIANTINKROTT@hospital.com
doc101,123456,OMLAND,MARITT,JUMBO,4,female,3,OMLANDMARITT@hospital.com
doc102,123456,SCHIFFLI,SEKINE,MCCLUSKIE,9,male,3,SCHIFFLISEKINE@hospital.com
doc103,123456,KLEBAN,SKILLMAN,COSTELL,8,female,3,KLEBANSKILLMAN@hospital.com
doc104,123456,KUHNERT,SALTERS,ROLDAN,8,male,4,KUHNERTSALTERS@hospital.com
doc105,123456,CHATWOOD,GUNDELFINGER,CHOUDHARY,5,female,1,CHATWOODGUNDELFINGER@hospital.com
doc106,123456,KINCANON,TAMAYOSE,JONSGAARD,6,male,3,KINCANONTAMAYOSE@hospital.com
doc107,123456,MORADI,SAGHAFI,CAPDEVILA,5,female,4,MORADISAGHAFI@hospital.com
doc108,123456,BAILS,BAKAS,BINEK,8,male,1,BAILSBAKAS@hospital.com
doc109,123456,FERRANTI,GAWRONSKI,SCHNADER,1,female,2,FERRANTIGAWRONSKI@hospital.com
doc11,123456,REBUCK,DINE,TEFERTILLER,4,female,1,REBUCKDINE@hospital.com
doc110,123456,HEIZER,SCHMECKPEPER,GNECCO,4,male,4,HEIZERSCHMECKPEPER@hospital.com
doc111,123456,CLEMENSEN,ZAHURANEC,DELAMORA,4,female,5,CLEMENSENZAHURANEC@hospital.com
doc112,123456,NEWHAUSER,DENOME,WACHT,9,male,1,NEWHAUSERDENOME@hospital.com
doc113,123456,BIANCONI,BENITEZ,KASHIAN,2,female,4,BIANCONIBENITEZ@hospital.com
doc114,123456,KOLECKI,JANOSKO,EASON,6,male,5,KOLECKIJANOSKO@hospital.com
doc115,123456,HEMEN,PUTZIG,KALMON,4,female,5,HEMENPUTZIG@hospital.com
doc116,123456,LANZER,LORETTO,HYLLA,6,male,4,LANZERLORETTO@hospital.com
doc117,123456,RAINBOW,LOWMILLER,SICKAFOOSE,1,female,2,RAINBOWLOWMILLER@hospital.com
doc118,123456,TORI,HOMLES,CAPOFERRI,5,male,2,TORIHOMLES@hospital.com
doc119,123456,AVIS,BARNDOLLAR,DELYSER,3,female,3,AVISBARNDOLLAR@hospital.com
doc12,123456,GURSSLIN,RAUTH,LIEFFERS,3,male,1,GURSSLINRAUTH@hospital.com
doc120,123456,HENSZ,HELLBERG,JAMAN,7,male,4,HENSZHELLBERG@hospital.com
doc121,123456,ABELLANA,ALGERI,FREUDENSTEIN,5,female,4,ABELLANAALGERI@hospital.com
doc122,123456,MCNEIVE,KWASNIAK,TUN,9,male,3,MCNEIVEKWASNIAK@hospital.com
doc123,123456,COGNETTA,MASINELLI,STASEK,6,female,4,COGNETTAMASINELLI@hospital.com
doc124,123456,JEMIOLO,MESSINA,QUAGLIARIELLO,4,male,5,JEMIOLOMESSINA@hospital.com
doc125,123456,MASHA,MACKERETH,LODHI,9,female,3,MASHAMACKERETH@hospital.com
doc126,123456,ROVNAK,WICKINGS,STALLONE,4,male,2,ROVNAKWICKINGS@hospital.com
doc127,123456,LUCIEN,CAMPANO,JASTER,3,female,4,LUCIENCAMPANO@hospital.com
doc128,123456,STYSLINGER,OGUNLEYE,MEMA,8,male,3,STYSLINGEROGUNLEYE@hospital.com
doc129,123456,DESOURDY,PAGANINI,KOKES,9,female,1,DESOURDYPAGANINI@hospital.com
doc13,123456,DEETH,ONCALE,OFFICER,9,female,1,DEETHONCALE@hospital.com
doc130,123456,ROMANOSKI,GLOSE,MANNONE,7,male,4,ROMANOSKIGLOSE@hospital.com
doc131,123456,USIE,RUMSCHLAG,SERUM,7,female,4,USIERUMSCHLAG@hospital.com
doc132,123456,BERNAT,CIMINELLI,LOOSLI,6,male,3,BERNATCIMINELLI@hospital.com
doc133,123456,KOTARY,GRAZZINI,BILBO,1,female,1,KOTARYGRAZZINI@hospital.com
doc134,123456,LANCIONE,WIPPICH,FUELL,9,male,2,LANCIONEWIPPICH@hospital.com
doc135,123456,LIVICK,APOLLON,DESPRES,2,female,3,LIVICKAPOLLON@hospital.com
doc136,123456,SAR,MAINELLA,SERRES,8,male,1,SARMAINELLA@hospital.com
doc137,123456,ZAWILA,CHADD,DILLBECK,2,female,2,ZAWILACHADD@hospital.com
doc138,123456,KAKUDA,ENYART,GAYMAN,2,male,4,KAKUDAENYART@hospital.com
doc139,123456,KOUTSOUKOS,REGALIA,KNIGHTEN,2,female,1,KOUTSOUKOSREGALIA@hospital.com
doc14,123456,POSTON,AVERELL,ZINSMEISTER,4,male,3,POSTONAVERELL@hospital.com
doc140,123456,SLAPPY,GUARRERA,GILDAY,9,male,1,SLAPPYGUARRERA@hospital.com
doc141,123456,GRIPPA,DEYA,TWEDE,9,female,3,GRIPPADEYA@hospital.com
doc142,123456,GRIST,INFANTOLINO,NOMAN,1,male,5,GRISTINFANTOLINO@hospital.com
doc143,123456,YALCIN,MILLHOUSE,KANEMOTO,9,female,1,YALCINMILLHOUSE@hospital.com
doc144,123456,KELTCH,TALENS,ROMANKO,3,male,3,KELTCHTALENS@hospital.com
doc145,123456,SEGRAVE,GIVINS,BARBIC,9,female,4,SEGRAVEGIVINS@hospital.com
doc146,123456,HEIMBURG,FLESHNER,MATHIEWS,7,male,2,HEIMBURGFLESHNER@hospital.com
doc147,123456,PELGER,SCROGGIE,GEST,2,female,1,PELGERSCROGGIE@hospital.com
doc148,123456,HOLZERLAND,MEGEL,BOREN,8,male,2,HOLZERLANDMEGEL@hospital.com
doc149,123456,CASTELANO,CUC,RICER,7,female,3,CASTELANOCUC@hospital.com
doc15,123456,TAITT,ZINMAN,PRZYBYLINSKI,2,female,2,TAITTZINMAN@hospital.com
doc150,123456,TEK,BONDAR,FRANCISE,3,male,5,TEKBONDAR@hospital.com
doc151,123456,SOLVANG,CRUMMIE,HOLZHAUSER,8,female,2,SOLVANGCRUMMIE@hospital.com
doc152,123456,GUDIEL,DROSSMAN,PRUST,1,male,4,GUDIELDROSSMAN@hospital.com
doc153,123456,FREELEY,KOTTLER,PAHR,2,female,3,FREELEYKOTTLER@hospital.com
doc154,123456,KRAHE,BRODER,AZZARA,1,male,2,KRAHEBRODER@hospital.com
doc155,123456,LOFSTEDT,ESPANOLA,EKSTROM,7,female,4,LOFSTEDTESPANOLA@hospital.com
doc156,123456,DOUGAN,BESOZZI,MCGRORY,5,male,1,DOUGANBESOZZI@hospital.com
doc157,123456,MALLATT,KONDEL,BARTELLO,3,female,5,MALLATTKONDEL@hospital.com
doc158,123456,WILE,MAZZONE,SWEDEN,8,male,3,WILEMAZZONE@hospital.com
doc159,123456,HELLAMS,ABARQUEZ,OBIOHA,5,female,5,HELLAMSABARQUEZ@hospital.com
doc16,123456,DEKING,GRAPEVINE,BENKOWSKI,8,male,2,DEKINGGRAPEVINE@hospital.com
doc160,123456,HESSENFLOW,PLATERD,DIONE,2,male,5,HESSENFLOWPLATERD@hospital.com
doc161,123456,AGUDELO,SHELLBERG,ZEUNER,3,female,4,AGUDELOSHELLBERG@hospital.com
doc162,123456,CROAK,OCCHIONERO,LESTINA,4,male,2,CROAKOCCHIONERO@hospital.com
doc163,123456,PUMPELLY,OHLAND,TRACZ,1,female,3,PUMPELLYOHLAND@hospital.com
doc164,123456,KHATTAB,BARZEY,RATELIFF,6,male,3,KHATTABBARZEY@hospital.com
doc165,123456,BERTELSON,CAYETAND,RIPPEY,8,female,3,BERTELSONCAYETAND@hospital.com
doc166,123456,IDONI,YAH,JEWSBURY,9,male,1,IDONIYAH@hospital.com
doc167,123456,MEIN,LEPO,MAFFIN,9,female,3,MEINLEPO@hospital.com
doc168,123456,RESTER,VIDUYA,LONGSTAFF,8,male,1,RESTERVIDUYA@hospital.com
doc169,123456,GRANADE,FLOWE,LOCKARD,8,female,1,GRANADEFLOWE@hospital.com
doc17,123456,COWDREY,CORSENTINO,CUSIMANO,8,female,5,COWDREYCORSENTINO@hospital.com
doc170,123456,WHITMYER,CLAESSON,KACHMARIK,7,male,5,WHITMYERCLAESSON@hospital.com
doc171,123456,ELVERUD,TECCA,HADSELL,9,female,2,ELVERUDTECCA@hospital.com
doc172,123456,BHUTTA,BAHNG,BILECKI,9,male,3,BHUTTABAHNG@hospital.com
doc173,123456,ZAIDI,YURGEL,ESLER,3,female,2,ZAIDIYURGEL@hospital.com
doc174,123456,SCHROTT,CLEATOR,SANDNESS,9,male,3,SCHROTTCLEATOR@hospital.com
doc175,123456,ENGLADE,FLAMM,SCAVELLI,8,female,4,ENGLADEFLAMM@hospital.com
doc176,123456,WALESKI,KILLOUGH,STAKELIN,4,male,5,WALESKIKILLOUGH@hospital.com
doc177,123456,ZAMARRON,MARRO,THEBARGE,3,female,5,ZAMARRONMARRO@hospital.com
doc178,123456,ARISMENDEZ,FREIREICH,BUOL,2,male,3,ARISMENDEZFREIREICH@hospital.com
doc179,123456,LINDBO,PALAC,TONNING,9,female,3,LINDBOPALAC@hospital.com
doc18,123456,FARHA,OMSTEAD,HALVARSON,4,male,1,FARHAOMSTEAD@hospital.com
doc180,123456,FRATARCANGELI,LEONARDI,LEISHEAR,8,male,5,FRATARCANGELILEONARDI@hospital.com
doc181,123456,ICHIKAWA,MICHALEK,DYJAK,4,female,1,ICHIKAWAMICHALEK@hospital.com
doc182,123456,KIRKENDALL,MILAK,UMHOEFER,2,male,2,KIRKENDALLMILAK@hospital.com
doc183,123456,SHACKLES,ROSVOLD,PENALBA,2,female,4,SHACKLESROSVOLD@hospital.com
doc184,123456,MCKINNERNEY,BETROS,SCHUURMANS,3,male,4,MCKINNERNEYBETROS@hospital.com
doc185,123456,KERTSCHER,HALLAWAY,ALBANY,1,female,3,KERTSCHERHALLAWAY@hospital.com
doc186,123456,SCROGIN,ASCANIO,RENOVATO,2,male,4,SCROGINASCANIO@hospital.com
doc187,123456,DUSENBURY,PELLONI,CAMPECHANO,6,female,4,DUSENBURYPELLONI@hospital.com
doc188,123456,WILLIAMSSMITH,WINTRINGHAM,APFFEL,2,male,3,WILLIAMSSMITHWINTRINGHAM@hospital.com
doc189,123456,SELVY,ERBA,DAUBY,7,female,4,SELVYERBA@hospital.com
doc19,123456,GERSTMANN,MARUMOTO,NORROD,8,female,4,GERSTMANNMARUMOTO@hospital.com
doc190,123456,RENOJ,SOMES,VIZUETE,7,male,5,RENOJSOMES@hospital.com
doc191,123456,POPPEN,WILMAN,MCMAHILL,6,female,1,POPPENWILMAN@hospital.com
doc192,123456,TETRO,TRAMMELL,UTSCH,5,male,1,TETROTRAMMELL@hospital.com
doc193,123456,BINE,HULET,LAREY,2,female,1,BINEHULET@hospital.com
doc194,123456,COMINS,HOFMASTER,ARPIN,2,male,3,COMINSHOFMASTER@hospital.com
doc195,123456,CREEHAN,HUGEN,LAPREE,6,female,3,CREEHANHUGEN@hospital.com
doc196,123456,COLATO,PINTA,SURTI,6,male,5,COLATOPINTA@hospital.com
doc197,123456,WEISKIRCHER,FRYDA,MARLING,8,female,3,WEISKIRCHERFRYDA@hospital.com
doc198,123456,MARZULLI,MOFFIT,GRAFIUS,2,male,1,MARZULLIMOFFIT@hospital.com
doc199,123456,BOUDINOT,SANTON,BLAZEK,6,female,5,BOUDINOTSANTON@hospital.com
doc2,123456,SERGEYEV,GANNUSCIO,CARMOSINO,5,male,3,SERGEYEVGANNUSCIO@hospital.com
doc20,123456,KOJO,WALKUSKI,PRINDIVILLE,4,male,1,KOJOWALKUSKI@hospital.com
doc200,123456,POLEK,SIZER,AIROLA,2,male,3,POLEKSIZER@hospital.com
doc201,123456,STEVEY,BALBOA,ARGILA,9,female,2,STEVEYBALBOA@hospital.com
doc202,123456,KALAHIKI,FOULGER,MEDIA,5,male,1,KALAHIKIFOULGER@hospital.com
doc203,123456,SOTIROPOULOS,HASSO,ENIX,5,female,1,SOTIROPOULOSHASSO@hospital.com
doc204,123456,BEARS,BUBAN,HOCKEY,9,male,4,BEARSBUBAN@hospital.com
doc205,123456,LAUINGER,PADGHAM,SHANEYFELT,2,female,3,LAUINGERPADGHAM@hospital.com
doc206,123456,ZAMBARANO,TATARIAN,SAREMI,1,male,5,ZAMBARANOTATARIAN@hospital.com
doc207,123456,CAPELL,BUSCAGLIA,MACKENROTH,8,female,3,CAPELLBUSCAGLIA@hospital.com
doc208,123456,WOOLEY,MUCHA,POOL,7,male,3,WOOLEYMUCHA@hospital.com
doc209,123456,CLYNE,CERNOHOUS,SINAGRA,1,female,4,CLYNECERNOHOUS@hospital.com
doc21,123456,ROSSETT,BALANZA,RASNIC,7,female,5,ROSSETTBALANZA@hospital.com
doc210,123456,ROBERTON,WEHRY,BENOTTI,7,male,5,ROBERTONWEHRY@hospital.com
doc211,123456,SHUMSKI,SM,CASSOLA,1,female,2,SHUMSKISM@hospital.com
doc212,123456,TABAHA,JOURNET,MCAULAY,1,male,3,TABAHAJOURNET@hospital.com
doc213,123456,DELEONE,LISY,WALLAKER,4,female,3,DELEONELISY@hospital.com
doc214,123456,SMITHBERGER,BASYE,GLASSFORD,3,male,2,SMITHBERGERBASYE@hospital.com
doc215,123456,HALLGRIMSON,COLLEDGE,HOMERDING,1,female,4,HALLGRIMSONCOLLEDGE@hospital.com
doc216,123456,BARBARIN,GIAMMONA,BOMAN,1,male,2,BARBARINGIAMMONA@hospital.com
doc217,123456,SCANK,BARDACH,ROUSE,4,female,4,SCANKBARDACH@hospital.com
doc218,123456,KOTCHER,MILK,HUFMAN,3,male,1,KOTCHERMILK@hospital.com
doc219,123456,WEDLAKE,MORREALE,CHOWANIEC,5,female,5,WEDLAKEMORREALE@hospital.com
doc22,123456,CORKIN,HOUGLAND,GEHRLEIN,3,male,4,CORKINHOUGLAND@hospital.com
doc220,123456,WILLAM,FALES,HARCAR,4,male,3,WILLAMFALES@hospital.com
doc221,123456,ANDRO,SURMA,RHODENBAUGH,4,female,3,ANDROSURMA@hospital.com
doc222,123456,KINTZLER,MACDUFF,LIMBOCKER,4,male,5,KINTZLERMACDUFF@hospital.com
doc223,123456,WISEGARVER,AKAU,BRECHBIEL,4,female,5,WISEGARVERAKAU@hospital.com
doc224,123456,FADIL,CIBULA,MIKUS,6,male,5,FADILCIBULA@hospital.com
doc225,123456,MCNICOL,JOLICOEUR,WOOLERY,5,female,5,MCNICOLJOLICOEUR@hospital.com
doc226,123456,MALESKI,KIRSCHBAUM,MOULDER,5,male,2,MALESKIKIRSCHBAUM@hospital.com
doc227,123456,WILLIAMSBROWN,ANTOSZEWSKI,DAIGER,3,female,4,WILLIAMSBROWNANTOSZEWSKI@hospital.com
doc228,123456,LANFRANCO,WOHLFORD,ERVES,2,male,3,LANFRANCOWOHLFORD@hospital.com
doc229,123456,OETJEN,WARDENBURG,TRAMMEL,7,female,2,OETJENWARDENBURG@hospital.com
doc23,123456,GEAREN,BALKENBUSH,PISTONE,8,female,2,GEARENBALKENBUSH@hospital.com
doc230,123456,FAES,DWARKA,BENCINI,4,male,5,FAESDWARKA@hospital.com
doc231,123456,LEVENDUSKI,ERLIKH,VILCHECK,3,female,5,LEVENDUSKIERLIKH@hospital.com
doc232,123456,UBRIACO,TALLY,ODON,9,male,3,UBRIACOTALLY@hospital.com
doc233,123456,FOUGNER,BOESCH,SMARTNICK,7,female,5,FOUGNERBOESCH@hospital.com
doc234,123456,DILLIN,TOFTE,GOPIN,6,male,2,DILLINTOFTE@hospital.com
doc235,123456,WYNOTT,KALASKY,DEBRUNNER,2,female,3,WYNOTTKALASKY@hospital.com
doc236,123456,PASION,BREELAND,BATTIE,5,male,4,PASIONBREELAND@hospital.com
doc237,123456,ROETZEL,KIRCHENBAUER,GIORDANI,1,female,1,ROETZELKIRCHENBAUER@hospital.com
doc238,123456,LABAFF,YAGGI,OBENCHAIN,7,male,3,LABAFFYAGGI@hospital.com
doc239,123456,SIDNEY,GARZILLO,RONDINELLA,9,female,3,SIDNEYGARZILLO@hospital.com
doc24,123456,FLEBOTTE,LIEWER,AULISIO,4,male,3,FLEBOTTELIEWER@hospital.com
doc240,123456,WOJCICKI,WAIDELICH,BALDOZ,9,male,2,WOJCICKIWAIDELICH@hospital.com
doc241,123456,COGNEVICH,DOTTO,SHERRON,1,female,3,COGNEVICHDOTTO@hospital.com
doc242,123456,HALBRITTER,ROZSA,ABLA,9,male,3,HALBRITTERROZSA@hospital.com
doc243,123456,VEYSEY,HEHR,ENGLAR,8,female,5,VEYSEYHEHR@hospital.com
doc244,123456,MERVA,BRINSFIELD,DOMARACKI,6,male,1,MERVABRINSFIELD@hospital.com
doc245,123456,LECHER,BINKER,LEWALD,3,female,3,LECHERBINKER@hospital.com
doc246,123456,MCMARTIN,NIEBOER,LIPPERT,4,male,3,MCMARTINNIEBOER@hospital.com
doc247,123456,MACNAUGHT,GROETSCH,STIENECKER,1,female,1,MACNAUGHTGROETSCH@hospital.com
doc248,123456,CASSIMATIS,MASENGILL,AVIE,5,male,5,CASSIMATISMASENGILL@hospital.com
doc249,123456,GEHRETT,VANRYZIN,PAHLAVAN,2,female,4,GEHRETTVANRYZIN@hospital.com
doc25,123456,KAVOURAS,DAHLING,MORLES,4,female,2,KAVOURASDAHLING@hospital.com
doc250,123456,BIVINS,JAIMEZ,ISLAMOVIC,9,male,2,BIVINSJAIMEZ@hospital.com
doc251,123456,BUSHRE,KULENKAMP,DEBE,2,female,4,BUSHREKULENKAMP@hospital.com
doc252,123456,WIGMORE,RADISH,YALCH,2,male,3,WIGMORERADISH@hospital.com
doc253,123456,MASSONI,SCHWARTZBAUER,OPATRNY,2,female,1,MASSONISCHWARTZBAUER@hospital.com
doc254,123456,WEHRY,HOFER,LACARRUBBA,7,male,4,WEHRYHOFER@hospital.com
doc255,123456,WASHEK,AU,RUSCONI,4,female,1,WASHEKAU@hospital.com
doc256,123456,CONNORS,GOLDBLOOM,PAYTE,4,male,1,CONNORSGOLDBLOOM@hospital.com
doc257,123456,ALBEA,BESNER,HAYMANS,7,female,2,ALBEABESNER@hospital.com
doc258,123456,DIMONTE,RAGO,HELVIE,5,male,5,DIMONTERAGO@hospital.com
doc259,123456,NADDAF,FARNSWORTH,KINNAN,7,female,4,NADDAFFARNSWORTH@hospital.com
doc26,123456,SURA,WIGGAM,LOOZE,6,male,3,SURAWIGGAM@hospital.com
doc260,123456,CUFFMAN,KOSTA,CESSNA,4,male,1,CUFFMANKOSTA@hospital.com
doc261,123456,KRUML,FARINOLA,MCKISIC,8,female,3,KRUMLFARINOLA@hospital.com
doc262,123456,VENKATACHALAM,DOCKEY,SAELEE,1,male,4,VENKATACHALAMDOCKEY@hospital.com
doc263,123456,PERSENAIRE,SMULL,RABOIN,9,female,4,PERSENAIRESMULL@hospital.com
doc264,123456,COHETERO,CHANNELS,RASKE,7,male,3,COHETEROCHANNELS@hospital.com
doc265,123456,PEDRI,OKPARA,HAMMET,9,female,5,PEDRIOKPARA@hospital.com
doc266,123456,RIGOULOT,BALDA,BAENA,1,male,2,RIGOULOTBALDA@hospital.com
doc267,123456,FAEHR,GIDDENS,HOJNOWSKI,2,female,1,FAEHRGIDDENS@hospital.com
doc268,123456,GLEISNER,BIBBINS,KOZY,9,male,2,GLEISNERBIBBINS@hospital.com
doc269,123456,GITOMER,ZOHN,GERARDI,2,female,4,GITOMERZOHN@hospital.com
doc27,123456,EDWARD,FLESHNER,OLAR,3,female,3,EDWARDFLESHNER@hospital.com
doc270,123456,GENAW,CADDEL,MARSALEK,1,male,3,GENAWCADDEL@hospital.com
doc271,123456,ROSTRO,VANDERKELEN,LAVIOLETTE,7,female,5,ROSTROVANDERKELEN@hospital.com
doc272,123456,ZALECKI,MOHESKY,VENNER,3,male,3,ZALECKIMOHESKY@hospital.com
doc273,123456,STEMLE,LIMO,MUSCIO,2,female,5,STEMLELIMO@hospital.com
doc274,123456,GEIMAN,BRAGGER,HODGE,5,male,1,GEIMANBRAGGER@hospital.com
doc275,123456,PRUEITT,FAILE,CALENTINE,5,female,1,PRUEITTFAILE@hospital.com
doc276,123456,LATNEY,HAEFLINGER,BRONNER,8,male,2,LATNEYHAEFLINGER@hospital.com
doc277,123456,KRICHEVSKY,KUBICA,HEMINGER,9,female,5,KRICHEVSKYKUBICA@hospital.com
doc278,123456,DIGIUSTO,REITERMAN,BROMUND,2,male,5,DIGIUSTOREITERMAN@hospital.com
doc279,123456,GAWLOWSKI,DOMBROVSKI,SWINDERMAN,9,female,4,GAWLOWSKIDOMBROVSKI@hospital.com
doc28,123456,WUEBBELS,ALITZ,GLEED,8,male,3,WUEBBELSALITZ@hospital.com
doc280,123456,PICKWICK,BONSTEIN,CALIO,5,male,5,PICKWICKBONSTEIN@hospital.com
doc281,123456,SOOTER,KURTY,GREENLEE,5,female,2,SOOTERKURTY@hospital.com
doc282,123456,SCHWEIZER,DESALVATORE,PAHL,9,male,2,SCHWEIZERDESALVATORE@hospital.com
doc283,123456,FORTENER,NETTERVILLE,HARTSELL,2,female,3,FORTENERNETTERVILLE@hospital.com
doc284,123456,BROCKER,MULLALY,KUSIAK,1,male,4,BROCKERMULLALY@hospital.com
doc285,123456,AFU,MUNHALL,BEILMAN,2,female,3,AFUMUNHALL@hospital.com
doc286,123456,EADY,BOOTHE,RUDDY,9,male,5,EADYBOOTHE@hospital.com
doc287,123456,PIERRE,ONDRICK,LUCKA,2,female,5,PIERREONDRICK@hospital.com
doc288,123456,MAGNOLI,DIETHELM,KLOSSNER,3,male,2,MAGNOLIDIETHELM@hospital.com
doc289,123456,GLADIS,VANDIJK,BUCHS,1,female,5,GLADISVANDIJK@hospital.com
doc29,123456,FIXEL,BITON,LEVISTER,7,female,3,FIXELBITON@hospital.com
doc290,123456,KOTWICKI,CAVENESS,LINMAN,6,male,2,KOTWICKICAVENESS@hospital.com
doc291,123456,DEVEAUX,VANDEWALLE,VOIERS,8,female,4,DEVEAUXVANDEWALLE@hospital.com
doc292,123456,POONAWALA,BERWICK,MICHALIK,7,male,4,POONAWALABERWICK@hospital.com
doc293,123456,FATO,DILDY,CONTICELLI,5,female,1,FATODILDY@hospital.com
doc294,123456,CHRISTIE,EARICK,GATI,7,male,1,CHRISTIEEARICK@hospital.com
doc295,123456,MEZZELL,SWARTZLANDER,HEARVEY,1,female,4,MEZZELLSWARTZLANDER@hospital.com
doc296,123456,WINEKE,FAEHR,YESKA,5,male,2,WINEKEFAEHR@hospital.com
doc297,123456,GLERUM,DANUSER,MOHAMUD,4,female,4,GLERUMDANUSER@hospital.com
doc298,123456,WIERSCHKE,LANGHOFER,NASUTA,8,male,1,WIERSCHKELANGHOFER@hospital.com
doc299,123456,ROCHON,PFITZER,RYBAKOV,6,female,3,ROCHONPFITZER@hospital.com
doc3,123456,SHUMA,BOTTS,RYNDERS,1,female,1,SHUMABOTTS@hospital.com
doc30,123456,GROWE,WESTPHALEN,STAHLBERG,8,male,3,GROWEWESTPHALEN@hospital.com
doc300,123456,YAQOOB,ALESCI,BRITNER,8,male,5,YAQOOBALESCI@hospital.com
doc301,123456,TURNPAUGH,ADESSO,NEWVINE,3,female,1,TURNPAUGHADESSO@hospital.com
doc302,123456,BORNS,LAMBERGER,FUJIKI,7,male,1,BORNSLAMBERGER@hospital.com
doc303,123456,YAKSIC,CUOZZO,KLINEFELTER,8,female,3,YAKSICCUOZZO@hospital.com
doc304,123456,LANDGREN,CHELLINO,BOSMANS,4,male,5,LANDGRENCHELLINO@hospital.com
doc305,123456,ALLEVATO,CASASOLA,LEARNARD,5,female,3,ALLEVATOCASASOLA@hospital.com
doc306,123456,AKIYAMA,LANGENBURG,QIN,1,male,2,AKIYAMALANGENBURG@hospital.com
doc307,123456,GRAVENSTEIN,CONTLA,PITHAN,5,female,4,GRAVENSTEINCONTLA@hospital.com
doc308,123456,CACHO,ARAMAYO,MANGANARD,4,male,1,CACHOARAMAYO@hospital.com
doc309,123456,KLAUDT,WEISIGER,FALKENTHAL,2,female,5,KLAUDTWEISIGER@hospital.com
doc31,123456,RAJCHEL,KATONA,BARTLEY,1,female,4,RAJCHELKATONA@hospital.com
doc310,123456,KOTAKE,BUSKA,SCHNUR,4,male,2,KOTAKEBUSKA@hospital.com
doc311,123456,CHUI,REDSHAW,SPINO,6,female,3,CHUIREDSHAW@hospital.com
doc312,123456,HULSHOF,SCHRECKER,BAUMSTEIN,3,male,1,HULSHOFSCHRECKER@hospital.com
doc313,123456,STROTHKAMP,SHEVER,GILLUM,7,female,3,STROTHKAMPSHEVER@hospital.com
doc314,123456,STRIFFLER,HINDE,CEGLA,8,male,5,STRIFFLERHINDE@hospital.com
doc315,123456,THUNDERCLOUD,EDERER,TEPOX,8,female,2,THUNDERCLOUDEDERER@hospital.com
doc316,123456,RHINERSON,VELLENGA,VYVYAN,5,male,5,RHINERSONVELLENGA@hospital.com
doc317,123456,DEWDNEY,LUCCI,FILCHAK,5,female,2,DEWDNEYLUCCI@hospital.com
doc318,123456,BURDO,BONNICK,BRIDGETTE,9,male,4,BURDOBONNICK@hospital.com
doc319,123456,JAEGGI,VILLALUNA,MURADIAN,1,female,4,JAEGGIVILLALUNA@hospital.com
doc32,123456,MUNTEANU,JASKI,BHOLAT,1,male,4,MUNTEANUJASKI@hospital.com
doc320,123456,DICHIARA,RIDLON,RAICHE,4,male,4,DICHIARARIDLON@hospital.com
doc321,123456,UNNASCH,VITTAL,CARRIERE,1,female,5,UNNASCHVITTAL@hospital.com
doc322,123456,AGUS,BRUNE,ZAMBRI,3,male,3,AGUSBRUNE@hospital.com
doc323,123456,BLENDOWSKI,MCCONVILLE,LANAGAN,5,female,2,BLENDOWSKIMCCONVILLE@hospital.com
doc324,123456,HENNY,ANDRIEU,CANDANEDO,1,male,2,HENNYANDRIEU@hospital.com
doc325,123456,LIEGEY,LIENAU,DEMERCHANT,4,female,1,LIEGEYLIENAU@hospital.com
doc326,123456,BARTHELME,TYLOCK,FIFFICK,8,male,1,BARTHELMETYLOCK@hospital.com
doc327,123456,ROSSWURM,FANTAUZZI,CALLEBS,4,female,2,ROSSWURMFANTAUZZI@hospital.com
doc328,123456,SEVERT,BENDECK,TINKLER,1,male,5,SEVERTBENDECK@hospital.com
doc329,123456,STOKELY,SEEBA,ROWOLDT,8,female,1,STOKELYSEEBA@hospital.com
doc33,123456,ROYTER,RECINTO,STUDIVANT,3,female,1,ROYTERRECINTO@hospital.com
doc330,123456,GORD,PALASOTA,BEIERLEIN,9,male,4,GORDPALASOTA@hospital.com
doc331,123456,SHAHAN,MORNEAULT,VALVANO,2,female,4,SHAHANMORNEAULT@hospital.com
doc332,123456,HUSKINSON,TIMS,VANSKIVER,8,male,3,HUSKINSONTIMS@hospital.com
doc333,123456,MOLTON,DEBOWER,PROKOPOVICH,5,female,1,MOLTONDEBOWER@hospital.com
doc334,123456,CHERVIN,MOLLON,KEOLANUI,4,male,3,CHERVINMOLLON@hospital.com
doc335,123456,BESSMAN,JUKES,HEINERT,3,female,3,BESSMANJUKES@hospital.com
doc336,123456,GARN,ROUZE,LOUSTEAU,6,male,2,GARNROUZE@hospital.com
doc337,123456,ORDINOLA,VAREL,MENDILLO,1,female,1,ORDINOLAVAREL@hospital.com
doc338,123456,BUNTON,KUIPER,SHAMMO,4,male,3,BUNTONKUIPER@hospital.com
doc339,123456,CHADA,VULCANO,GRUELL,2,female,3,CHADAVULCANO@hospital.com
doc34,123456,HEUMANN,RECCO,KOOLE,6,male,1,HEUMANNRECCO@hospital.com
doc340,123456,ALBERICI,COUGHLAN,DESAI,5,male,2,ALBERICICOUGHLAN@hospital.com
doc341,123456,CHERNOW,GALBO,DENINGER,2,female,4,CHERNOWGALBO@hospital.com
doc342,123456,SANNY,CRANK,BRAUTIGAN,5,male,1,SANNYCRANK@hospital.com
doc343,123456,GOATES,SCHEDEL,OPALINSKI,6,female,3,GOATESSCHEDEL@hospital.com
doc344,123456,PINAIRE,VANLEY,DANCEL,6,male,5,PINAIREVANLEY@hospital.com
doc345,123456,KIMBERLY,STANICK,PITKO,6,female,4,KIMBERLYSTANICK@hospital.com
doc346,123456,TRICE,SWEETER,DRAUGHAN,3,male,4,TRICESWEETER@hospital.com
doc347,123456,HORSTMAN,DADEY,MATHRE,4,female,5,HORSTMANDADEY@hospital.com
doc348,123456,MACKLEY,ELERT,GEITZ,7,male,3,MACKLEYELERT@hospital.com
doc349,123456,CHISM,LISKOW,JESSON,5,female,3,CHISMLISKOW@hospital.com
doc35,123456,RANERI,MALLER,TERZO,8,female,2,RANERIMALLER@hospital.com
doc350,123456,ROMZEK,AIM,MONTPLAISIR,9,male,1,ROMZEKAIM@hospital.com
doc351,123456,SWALES,MATSCHKE,OUTRAM,4,female,5,SWALESMATSCHKE@hospital.com
doc352,123456,STEELY,SCHMEECKLE,HOLLINGSWORTH,5,male,3,STEELYSCHMEECKLE@hospital.com
doc353,123456,HARVIS,GILDE,SENGDARA,1,female,5,HARVISGILDE@hospital.com
doc354,123456,SARKEES,INTIHAR,PARRIGAN,2,male,1,SARKEESINTIHAR@hospital.com
doc355,123456,BAAD,DANT,FLOREANI,5,female,4,BAADDANT@hospital.com
doc356,123456,MISSLER,WALDOCK,BATA,9,male,4,MISSLERWALDOCK@hospital.com
doc357,123456,BIKEL,MALORANA,WRONKA,8,female,2,BIKELMALORANA@hospital.com
doc358,123456,ASELTINE,MIETUS,RYALL,8,male,5,ASELTINEMIETUS@hospital.com
doc359,123456,PARRAM,SOZANSKI,CRAGG,8,female,5,PARRAMSOZANSKI@hospital.com
doc36,123456,KRUGH,KIPPENBERGER,KRIEL,4,male,5,KRUGHKIPPENBERGER@hospital.com
doc360,123456,PIETAN,RIGGERS,KENOW,3,male,1,PIETANRIGGERS@hospital.com
doc361,123456,BURRIDGE,JEANOTTE,NIEBOER,1,female,4,BURRIDGEJEANOTTE@hospital.com
doc362,123456,GOBROGGE,BLUM,DZIEKONSKI,2,male,5,GOBROGGEBLUM@hospital.com
doc363,123456,MUSSA,ASHMORE,STUEWE,3,female,3,MUSSAASHMORE@hospital.com
doc364,123456,DEDA,MATUK,MCNEIL,8,male,2,DEDAMATUK@hospital.com
doc365,123456,LAHTI,FISCINA,BAWCOM,6,female,4,LAHTIFISCINA@hospital.com
doc366,123456,DESSAINT,STAWIARSKI,DEMASSE,3,male,1,DESSAINTSTAWIARSKI@hospital.com
doc367,123456,RAMAKRISHNA,IRGANG,KILCOIN,4,female,2,RAMAKRISHNAIRGANG@hospital.com
doc368,123456,RAJAN,PARTOVI,MANNIELLO,1,male,3,RAJANPARTOVI@hospital.com
doc369,123456,AKMAN,CHAVAS,DULCE,8,female,1,AKMANCHAVAS@hospital.com
doc37,123456,RUBERG,VLASEK,SOMERFIELD,6,female,1,RUBERGVLASEK@hospital.com
doc370,123456,WOJTCZAK,CHOUN,ERATH,8,male,2,WOJTCZAKCHOUN@hospital.com
doc371,123456,CAUSE,SNATCHKO,HESSENIUS,6,female,1,CAUSESNATCHKO@hospital.com
doc372,123456,FAVUZZI,BAISH,MATTONI,5,male,3,FAVUZZIBAISH@hospital.com
doc373,123456,DAMANN,GUDERJAHN,REBORI,9,female,3,DAMANNGUDERJAHN@hospital.com
doc374,123456,VANDERBAAN,BLACKBOURN,FAWELL,3,male,2,VANDERBAANBLACKBOURN@hospital.com
doc375,123456,TRAPANI,HEISS,TARNEY,7,female,2,TRAPANIHEISS@hospital.com
doc376,123456,COUNCILMAN,PARDON,FLUCKEY,5,male,1,COUNCILMANPARDON@hospital.com
doc377,123456,CARRICK,CHUNGA,CAUTHORNE,7,female,5,CARRICKCHUNGA@hospital.com
doc378,123456,RISTAINO,MARTYKA,CORDRY,7,male,3,RISTAINOMARTYKA@hospital.com
doc379,123456,SCHERBERT,SIDERIS,BENCE,4,female,2,SCHERBERTSIDERIS@hospital.com
doc38,123456,PRO,SEITHEL,GILLULY,5,male,4,PROSEITHEL@hospital.com
doc380,123456,VANVOORHEES,PINCHON,GYGAX,5,male,1,VANVOORHEESPINCHON@hospital.com
doc381,123456,RENCHER,KUKAJ,KEETCH,5,female,1,RENCHERKUKAJ@hospital.com
doc382,123456,KUNNEMANN,OSTERKAMP,ORMANDY,9,male,5,KUNNEMANNOSTERKAMP@hospital.com
doc383,123456,NELLUM,FOWLS,CAZAN,2,female,1,NELLUMFOWLS@hospital.com
doc384,123456,GALIANO,TERRASI,MONTILLA,9,male,5,GALIANOTERRASI@hospital.com
doc385,123456,TARVER,BAKO,MECCIA,3,female,1,TARVERBAKO@hospital.com
doc386,123456,SOSTARICH,CABANISS,DEZOTELL,3,male,3,SOSTARICHCABANISS@hospital.com
doc387,123456,ANDRIOT,RUDINSKI,VANDERKAMP,4,female,1,ANDRIOTRUDINSKI@hospital.com
doc388,123456,SCUTARI,PERTUSET,KVISTAD,8,male,3,SCUTARIPERTUSET@hospital.com
doc389,123456,BIRDOW,LIBERTI,CRESSWELL,4,female,1,BIRDOWLIBERTI@hospital.com
doc39,123456,DEPERI,KREPELA,ELKHOURI,5,female,1,DEPERIKREPELA@hospital.com
doc390,123456,KORB,HOUCHEN,DISILVA,2,male,2,KORBHOUCHEN@hospital.com
doc391,123456,AUGUGLIARO,SABETTA,VANNUYS,2,female,2,AUGUGLIAROSABETTA@hospital.com
doc392,123456,KNUTSON,GENDRON,TRAGESER,2,male,5,KNUTSONGENDRON@hospital.com
doc393,123456,MAGOWAN,CRAMTON,VASILIADES,9,female,5,MAGOWANCRAMTON@hospital.com
doc394,123456,ALLESSIO,DILUCA,OBERDICK,9,male,5,ALLESSIODILUCA@hospital.com
doc395,123456,MANIACI,MONTILLA,BENDEWALD,8,female,4,MANIACIMONTILLA@hospital.com
doc396,123456,YARA,MIKOS,AUCKERMAN,9,male,1,YARAMIKOS@hospital.com
doc397,123456,MITSUNAGA,MCHALFFEY,KIRSCHER,3,female,5,MITSUNAGAMCHALFFEY@hospital.com
doc398,123456,DARRON,KAGER,WELFORD,6,male,1,DARRONKAGER@hospital.com
doc399,123456,BACIC,BUSHNELL,UHING,2,female,3,BACICBUSHNELL@hospital.com
doc4,123456,OCHI,BROUWERS,HUGGARD,7,male,2,OCHIBROUWERS@hospital.com
doc40,123456,NEUS,ALMONOR,LENDERMON,7,male,1,NEUSALMONOR@hospital.com
doc400,123456,MAHOLMES,BAMBIC,MEDENWALD,1,male,2,MAHOLMESBAMBIC@hospital.com
doc401,123456,CAVA,JARNAGIN,MESTEL,2,female,1,CAVAJARNAGIN@hospital.com
doc402,123456,BENDOLPH,NAHA,GILSDORF,8,male,5,BENDOLPHNAHA@hospital.com
doc403,123456,TACHENY,TAUTOLO,SHEINBERG,7,female,5,TACHENYTAUTOLO@hospital.com
doc404,123456,TUSTISON,CAMEAU,HARTLEY,7,male,1,TUSTISONCAMEAU@hospital.com
doc405,123456,BRESKE,MONJES,WALDBILLIG,1,female,2,BRESKEMONJES@hospital.com
doc406,123456,BARAKAT,OLTEAN,NGUYEN,2,male,1,BARAKATOLTEAN@hospital.com
doc407,123456,SEXSON,VOBORIL,ASKEA,9,female,3,SEXSONVOBORIL@hospital.com
doc408,123456,LEJA,BOMBARDO,DEVERY,8,male,3,LEJABOMBARDO@hospital.com
doc409,123456,NAULT,KATULA,PLASSMEYER,2,female,2,NAULTKATULA@hospital.com
doc41,123456,COPPESS,GENEUS,MERULLO,6,female,3,COPPESSGENEUS@hospital.com
doc410,123456,MONIE,WIEAND,DEDIEGO,1,male,4,MONIEWIEAND@hospital.com
doc411,123456,RAMBUS,STACKS,FRYMOYER,8,female,1,RAMBUSSTACKS@hospital.com
doc412,123456,NORORI,KOFRON,ELIASON,1,male,3,NORORIKOFRON@hospital.com
doc413,123456,WETHERHOLT,BEG,MACARI,2,female,1,WETHERHOLTBEG@hospital.com
doc414,123456,GREIS,LIFSHITS,KANDOLA,9,male,2,GREISLIFSHITS@hospital.com
doc415,123456,CABANERO,HIRKO,MAMMENGA,3,female,2,CABANEROHIRKO@hospital.com
doc416,123456,COVALT,CHANDAR,SHARBONO,3,male,5,COVALTCHANDAR@hospital.com
doc417,123456,TILSON,HEIMARK,WERTEL,9,female,5,TILSONHEIMARK@hospital.com
doc418,123456,DELHOTAL,CRANSTON,TAGAWA,1,male,5,DELHOTALCRANSTON@hospital.com
doc419,123456,VOTRA,YEAST,NIERENHAUSEN,1,female,1,VOTRAYEAST@hospital.com
doc42,123456,HESLER,ANCKER,PHERNETTON,6,male,1,HESLERANCKER@hospital.com
doc420,123456,BARBI,SCHERING,DOLLARD,6,male,1,BARBISCHERING@hospital.com
doc421,123456,GUELDNER,UNTZ,VERZELLA,7,female,2,GUELDNERUNTZ@hospital.com
doc422,123456,KEEZER,CLUCKEY,MUCK,7,male,4,KEEZERCLUCKEY@hospital.com
doc423,123456,DELLABELLA,KRAMP,MCREADY,8,female,5,DELLABELLAKRAMP@hospital.com
doc424,123456,KUHS,KENDRIX,MANSANAREZ,3,male,1,KUHSKENDRIX@hospital.com
doc425,123456,NORVAL,ZAHORCHAK,PLEITEZ,7,female,2,NORVALZAHORCHAK@hospital.com
doc426,123456,PLYMIRE,MCCOLLEM,KUPEC,3,male,3,PLYMIREMCCOLLEM@hospital.com
doc427,123456,MOLLBERG,SCOGLIO,FURKIN,6,female,4,MOLLBERGSCOGLIO@hospital.com
doc428,123456,CALEY,ISAACS,DAWID,8,male,5,CALEYISAACS@hospital.com
doc429,123456,BELMORE,NAZAROV,BRUEGMAN,7,female,2,BELMORENAZAROV@hospital.com
doc43,123456,TRAYNOR,KARMAZYN,PETRULLO,2,female,5,TRAYNORKARMAZYN@hospital.com
doc430,123456,ZOCCO,LONGMAN,CHHOEUN,9,male,3,ZOCCOLONGMAN@hospital.com
doc431,123456,GRIMME,LEMEROND,REININGER,3,female,3,GRIMMELEMEROND@hospital.com
doc432,123456,COCKFIELD,LIAS,KOLENKO,4,male,4,COCKFIELDLIAS@hospital.com
doc433,123456,RHUDE,BRIERLEY,SACHS,8,female,3,RHUDEBRIERLEY@hospital.com
doc434,123456,RAPISURA,LAGEMAN,NICKLOS,9,male,1,RAPISURALAGEMAN@hospital.com
doc435,123456,VERISSIMO,ELSEMORE,BACKOFF,4,female,3,VERISSIMOELSEMORE@hospital.com
doc436,123456,PETSCHOW,KRAGER,KOPECKY,5,male,1,PETSCHOWKRAGER@hospital.com
doc437,123456,LINARES,ANNAMALAI,SANGIL,4,female,4,LINARESANNAMALAI@hospital.com
doc438,123456,GERLITZ,ZINSKY,FAULHABER,1,male,4,GERLITZZINSKY@hospital.com
doc439,123456,PREDA,CLINK,PFLUGHOEFT,6,female,1,PREDACLINK@hospital.com
doc44,123456,DEFORREST,SCHUETTPELZ,MARGRITZ,7,male,2,DEFORRESTSCHUETTPELZ@hospital.com
doc440,123456,FINEHOUT,TSATURYAN,KVALHEIM,6,male,5,FINEHOUTTSATURYAN@hospital.com
doc441,123456,WYSOCK,JANOWICZ,STUTSON,6,female,2,WYSOCKJANOWICZ@hospital.com
doc442,123456,VILLOT,DENOUDEN,ZINNER,3,male,3,VILLOTDENOUDEN@hospital.com
doc443,123456,HARON,CASTIO,NICOLAU,5,female,3,HARONCASTIO@hospital.com
doc444,123456,TRUPE,FEISER,CICERON,6,male,1,TRUPEFEISER@hospital.com
doc445,123456,PAIMA,WINDON,BATTSON,3,female,1,PAIMAWINDON@hospital.com
doc446,123456,TWEDDLE,SALAMEH,PISENO,5,male,5,TWEDDLESALAMEH@hospital.com
doc447,123456,GLATCZAK,SITERLET,TOURDOT,2,female,4,GLATCZAKSITERLET@hospital.com
doc448,123456,MACKEEN,KUEHNEL,PENDERS,5,male,1,MACKEENKUEHNEL@hospital.com
doc449,123456,PLATERD,BARTHULY,WYSOR,7,female,3,PLATERDBARTHULY@hospital.com
doc45,123456,CHUDNOVSKY,KOPFF,CROSTA,5,female,4,CHUDNOVSKYKOPFF@hospital.com
doc450,123456,LOWDEN,LEEDHAM,HIEMENZ,6,male,4,LOWDENLEEDHAM@hospital.com
doc451,123456,ETTER,DRUHOT,PRUIETT,5,female,3,ETTERDRUHOT@hospital.com
doc452,123456,VILELLA,RODEFFER,MACIE,4,male,1,VILELLARODEFFER@hospital.com
doc453,123456,BATTIN,FURKIN,LOHMAR,5,female,4,BATTINFURKIN@hospital.com
doc454,123456,SWARY,OPOKU,CHERNACK,2,male,5,SWARYOPOKU@hospital.com
doc455,123456,IMPEY,WHIRLEY,BORDIN,6,female,2,IMPEYWHIRLEY@hospital.com
doc456,123456,FIMPLE,UMEDA,HUNGERMAN,7,male,4,FIMPLEUMEDA@hospital.com
doc457,123456,MUDD,SWIERCZEWSKI,RUNNALS,4,female,2,MUDDSWIERCZEWSKI@hospital.com
doc458,123456,FRNKA,FAIRLEY,IHLER,1,male,4,FRNKAFAIRLEY@hospital.com
doc459,123456,PURSLEY,ALTHERR,READLING,2,female,2,PURSLEYALTHERR@hospital.com
doc46,123456,RIZZITELLO,MAYAN,TEICHMAN,1,male,4,RIZZITELLOMAYAN@hospital.com
doc460,123456,NEWAGO,PEGGINS,THEODOS,5,male,4,NEWAGOPEGGINS@hospital.com
doc461,123456,MATOSKA,WYKERT,STOLZ,5,female,3,MATOSKAWYKERT@hospital.com
doc462,123456,BRESKIN,AMBUEHL,SECOLA,8,male,4,BRESKINAMBUEHL@hospital.com
doc463,123456,LITTIG,HEDING,NETTERS,8,female,5,LITTIGHEDING@hospital.com
doc464,123456,DROZDOWICZ,OLSTAD,PROSKE,7,male,2,DROZDOWICZOLSTAD@hospital.com
doc465,123456,KLINETOBE,PASSWATER,HOUSHOLDER,9,female,2,KLINETOBEPASSWATER@hospital.com
doc466,123456,VOLLBRECHT,ISBISTER,PALIOTTI,8,male,2,VOLLBRECHTISBISTER@hospital.com
doc467,123456,RIEDERER,DUBLE,DIRTON,6,female,5,RIEDERERDUBLE@hospital.com
doc468,123456,MICHALKO,DEBRABANDER,WELSBY,3,male,1,MICHALKODEBRABANDER@hospital.com
doc469,123456,LULI,WU,CORNIELLE,4,female,4,LULIWU@hospital.com
doc47,123456,ICENHOWER,ANSON,ORSBURN,7,female,5,ICENHOWERANSON@hospital.com
doc470,123456,MEUDT,DOMS,CUCCI,3,male,3,MEUDTDOMS@hospital.com
doc471,123456,GURGUL,SCHWARTZ,HEWEY,8,female,4,GURGULSCHWARTZ@hospital.com
doc472,123456,RAMLOCHAN,TYCZKOWSKI,POPOVICI,4,male,1,RAMLOCHANTYCZKOWSKI@hospital.com
doc473,123456,GATTA,GERMANA,PENDARVIS,5,female,3,GATTAGERMANA@hospital.com
doc474,123456,RASP,KWIATKOWSKI,KYBURZ,6,male,2,RASPKWIATKOWSKI@hospital.com
doc475,123456,BELLAVANCE,TABORS,KRUMLAUF,6,female,5,BELLAVANCETABORS@hospital.com
doc476,123456,VESSELLS,BOGOSIAN,GASCHLER,1,male,5,VESSELLSBOGOSIAN@hospital.com
doc477,123456,DELZER,RIO,TOALSON,7,female,3,DELZERRIO@hospital.com
doc478,123456,CHIMA,SMITHIES,HARTILL,4,male,2,CHIMASMITHIES@hospital.com
doc479,123456,SEMENICK,ZALMAN,LEYUA,7,female,5,SEMENICKZALMAN@hospital.com
doc48,123456,ROSINA,WYMES,RAKOWITZ,1,male,1,ROSINAWYMES@hospital.com
doc480,123456,YARON,CUNARD,DORMINY,2,male,3,YARONCUNARD@hospital.com
doc481,123456,DISPENNETT,OSAGIE,NERVIG,4,female,4,DISPENNETTOSAGIE@hospital.com
doc482,123456,MACHEMER,STURMS,JELLIFF,3,male,5,MACHEMERSTURMS@hospital.com
doc483,123456,SWIATOWY,TOU,BOWERING,4,female,5,SWIATOWYTOU@hospital.com
doc484,123456,SANIDAD,FRANKOWIAK,WELK,7,male,5,SANIDADFRANKOWIAK@hospital.com
doc485,123456,TUSSING,BALLWEBER,AGWU,1,female,4,TUSSINGBALLWEBER@hospital.com
doc486,123456,FAULS,ASCHERMAN,HANDT,1,male,4,FAULSASCHERMAN@hospital.com
doc487,123456,CASTRELLON,SMITHPETERS,KIRSHMAN,1,female,2,CASTRELLONSMITHPETERS@hospital.com
doc488,123456,GARZORIA,ARONOVITZ,RUNNALLS,8,male,4,GARZORIAARONOVITZ@hospital.com
doc489,123456,BLACHE,BEIDEMAN,EAGLEMAN,2,female,1,BLACHEBEIDEMAN@hospital.com
doc49,123456,DORMANN,DOMONKOS,MEDA,9,female,5,DORMANNDOMONKOS@hospital.com
doc490,123456,GADIENT,ALONSO,ARBONA,9,male,1,GADIENTALONSO@hospital.com
doc491,123456,INNISS,VANORMAN,MINITER,6,female,5,INNISSVANORMAN@hospital.com
doc492,123456,NOVIAN,DUDENHOEFER,WAIGAND,8,male,5,NOVIANDUDENHOEFER@hospital.com
doc493,123456,EAGAR,QUECK,SMOLKO,3,female,1,EAGARQUECK@hospital.com
doc494,123456,HEDEN,SIMMELINK,FRISINGER,9,male,5,HEDENSIMMELINK@hospital.com
doc495,123456,DEAY,WESLING,BORROTO,2,female,1,DEAYWESLING@hospital.com
doc496,123456,PAFFRATH,HEDBERG,COLEGATE,5,male,2,PAFFRATHHEDBERG@hospital.com
doc497,123456,RHEINGOLD,OVERBEE,PATT,3,female,4,RHEINGOLDOVERBEE@hospital.com
doc498,123456,SPRULL,ABLAZA,MECIMORE,8,male,4,SPRULLABLAZA@hospital.com
doc499,123456,CASTIO,PERRONE,DEHASS,6,female,3,CASTIOPERRONE@hospital.com
doc5,123456,COGMAN,GERDAU,SHIRKEY,7,female,2,COGMANGERDAU@hospital.com
doc50,123456,HADALA,PRANGER,DELREGNO,6,male,3,HADALAPRANGER@hospital.com
doc500,123456,BURSEY,NICOLET,SANTON,4,male,1,BURSEYNICOLET@hospital.com
doc501,123456,GRECA,ADKINSON,PERKINSON,8,female,1,GRECAADKINSON@hospital.com
doc502,123456,BRUMIT,KINLOCH,SINNOCK,3,male,5,BRUMITKINLOCH@hospital.com
doc503,123456,DUVAUCHELLE,DENSFORD,BERWANGER,2,female,5,DUVAUCHELLEDENSFORD@hospital.com
doc504,123456,BIRGER,GOODELL,REINHARD,8,male,3,BIRGERGOODELL@hospital.com
doc505,123456,RAMMER,SAIF,HANSBOROUGH,4,female,2,RAMMERSAIF@hospital.com
doc506,123456,HAISMAN,EICKE,GUILLAUME,4,male,3,HAISMANEICKE@hospital.com
doc507,123456,FONFARA,RIFFERT,FLODIN,5,female,2,FONFARARIFFERT@hospital.com
doc508,123456,TREBBE,GAJARDO,HIRANAKA,3,male,3,TREBBEGAJARDO@hospital.com
doc509,123456,GADALETA,BASARGIN,KRUKOWSKI,1,female,4,GADALETABASARGIN@hospital.com
doc51,123456,KILER,HUEDEPOHL,ZAFAR,7,female,1,KILERHUEDEPOHL@hospital.com
doc510,123456,STEVENS,DODENHOFF,STUNKARD,4,male,4,STEVENSDODENHOFF@hospital.com
doc511,123456,CASEMAN,ULLRICH,BLANKE,4,female,2,CASEMANULLRICH@hospital.com
doc512,123456,TOMOLONIS,ELLSWORTH,GEROU,4,male,4,TOMOLONISELLSWORTH@hospital.com
doc513,123456,DESAUTEL,MILEWSKI,STRALEY,8,female,4,DESAUTELMILEWSKI@hospital.com
doc514,123456,DOUDA,DUVIC,PRUM,5,male,2,DOUDADUVIC@hospital.com
doc515,123456,MONGA,TOPLEY,MILBACH,5,female,3,MONGATOPLEY@hospital.com
doc516,123456,SCARBORD,LEDGISTER,FAVERO,7,male,4,SCARBORDLEDGISTER@hospital.com
doc517,123456,SACKSON,BANASIK,HJERPE,7,female,5,SACKSONBANASIK@hospital.com
doc518,123456,DETLOR,LACOURSE,MISSERI,9,male,1,DETLORLACOURSE@hospital.com
doc519,123456,CANARTE,FALKENBACH,SCHMOLLER,8,female,5,CANARTEFALKENBACH@hospital.com
doc52,123456,KAOUGH,WHITEEYES,SIDWELL,6,male,5,KAOUGHWHITEEYES@hospital.com
doc520,123456,SONES,ORMON,BRUESEWITZ,9,male,4,SONESORMON@hospital.com
doc521,123456,AYMAR,WERNTZ,GAI,6,female,3,AYMARWERNTZ@hospital.com
doc522,123456,CUSENZA,RAISON,BURROWS,4,male,3,CUSENZARAISON@hospital.com
doc523,123456,REPPY,WILTZ,MAKIELSKI,3,female,1,REPPYWILTZ@hospital.com
doc524,123456,FEWER,FRANZINI,DUNSTON,4,male,2,FEWERFRANZINI@hospital.com
doc525,123456,WILGA,HOO,BIANCHINO,2,female,2,WILGAHOO@hospital.com
doc526,123456,FARINA,PARGEON,BENCHLEY,3,male,4,FARINAPARGEON@hospital.com
doc527,123456,RHINEHARDT,GEHRING,BROOMHEAD,2,female,5,RHINEHARDTGEHRING@hospital.com
doc528,123456,BLESKE,PELSTON,CATALA,1,male,2,BLESKEPELSTON@hospital.com
doc529,123456,VIDELA,HILSTON,GAGAS,1,female,3,VIDELAHILSTON@hospital.com
doc53,123456,MONASTERO,EMSLIE,HILKEY,7,female,4,MONASTEROEMSLIE@hospital.com
doc530,123456,PRASHAD,PLEZIA,VENDETTA,1,male,5,PRASHADPLEZIA@hospital.com
doc531,123456,SCHEIL,FORDNEY,ZARRABI,4,female,2,SCHEILFORDNEY@hospital.com
doc532,123456,KEMINK,LITTLELIGHT,DELASERNA,8,male,2,KEMINKLITTLELIGHT@hospital.com
doc533,123456,AVANZATO,PRIETZ,SAINTHILAIRE,3,female,5,AVANZATOPRIETZ@hospital.com
doc534,123456,MERCARDO,CALI,BENTLEY,5,male,1,MERCARDOCALI@hospital.com
doc535,123456,DUENEZ,LAMROUEX,MISTICH,6,female,1,DUENEZLAMROUEX@hospital.com
doc536,123456,GREBENC,BOATENG,ESPENSCHIED,6,male,4,GREBENCBOATENG@hospital.com
doc537,123456,DACANAY,PRATTIS,MULDER,5,female,3,DACANAYPRATTIS@hospital.com
doc538,123456,MARRS,HILBRANDT,FAILE,7,male,4,MARRSHILBRANDT@hospital.com
doc539,123456,AKAM,KENNESON,EDKIN,9,female,5,AKAMKENNESON@hospital.com
doc54,123456,MESCHEDE,TESH,MARTIEZ,9,male,5,MESCHEDETESH@hospital.com
doc540,123456,TRENTMAN,TAROLI,IMAN,2,male,4,TRENTMANTAROLI@hospital.com
doc541,123456,GARIA,WATTENBERG,BOSCACCI,4,female,5,GARIAWATTENBERG@hospital.com
doc542,123456,CICHY,DORMANN,MONTELL,5,male,3,CICHYDORMANN@hospital.com
doc543,123456,DRIESSE,GERSHKOVICH,MALMIN,7,female,2,DRIESSEGERSHKOVICH@hospital.com
doc544,123456,MCPHAUL,BATTY,ERKHART,1,male,4,MCPHAULBATTY@hospital.com
doc545,123456,HOERST,JANETOS,BOURIS,2,female,1,HOERSTJANETOS@hospital.com
doc546,123456,LOSCH,STIEGMAN,GEASLIN,9,male,5,LOSCHSTIEGMAN@hospital.com
doc547,123456,DOUMIT,CURSI,MAINES,9,female,5,DOUMITCURSI@hospital.com
doc548,123456,MARTINOVICH,BERNARDI,CUSTODE,9,male,4,MARTINOVICHBERNARDI@hospital.com
doc549,123456,RYMUT,MIDGETT,NAYAK,6,female,1,RYMUTMIDGETT@hospital.com
doc55,123456,CAVALCANTE,STOYE,HELGET,5,female,5,CAVALCANTESTOYE@hospital.com
doc550,123456,RENEER,MITCHLER,KONYK,2,male,5,RENEERMITCHLER@hospital.com
doc551,123456,BERNAZZANI,MCLEESE,OSORNIO,5,female,2,BERNAZZANIMCLEESE@hospital.com
doc552,123456,MCDURMON,LAUBY,HAIDEN,9,male,1,MCDURMONLAUBY@hospital.com
doc553,123456,TAUER,BADAMO,MEUSEL,9,female,3,TAUERBADAMO@hospital.com
doc554,123456,VERCILLO,VESELY,LONSBURY,9,male,5,VERCILLOVESELY@hospital.com
doc555,123456,RADNEY,CHAMPE,WENDERSKI,8,female,5,RADNEYCHAMPE@hospital.com
doc556,123456,CALLARI,CETOLA,GRAGSON,2,male,2,CALLARICETOLA@hospital.com
doc557,123456,TORNEZ,LAAKSONEN,LONG,5,female,5,TORNEZLAAKSONEN@hospital.com
doc558,123456,CLOWARD,SIVLEY,FERDA,5,male,3,CLOWARDSIVLEY@hospital.com
doc559,123456,DECOTA,MUSCARELLO,KILTHAU,4,female,5,DECOTAMUSCARELLO@hospital.com
doc56,123456,PINGSTERHAUS,KEGAN,ROUILLIER,3,male,4,PINGSTERHAUSKEGAN@hospital.com
doc560,123456,COSTENBADER,IANNELLA,FLUCKEY,7,male,2,COSTENBADERIANNELLA@hospital.com
doc561,123456,GUSTAF,HENZEL,CINTAS,2,female,1,GUSTAFHENZEL@hospital.com
doc562,123456,SONKE,MORGON,RINGWALT,2,male,5,SONKEMORGON@hospital.com
doc563,123456,MAZZILLI,HUNDT,STANFILL,2,female,3,MAZZILLIHUNDT@hospital.com
doc564,123456,WEIDLICH,LOERTSCHER,SAYAD,1,male,2,WEIDLICHLOERTSCHER@hospital.com
doc565,123456,KETTNER,SCHAPP,SILHAVY,9,female,5,KETTNERSCHAPP@hospital.com
doc566,123456,DIXEY,MATUK,BUBASH,7,male,5,DIXEYMATUK@hospital.com
doc567,123456,DEZURIK,MCQUAIG,SMYSER,4,female,2,DEZURIKMCQUAIG@hospital.com
doc568,123456,DEJESUS,FATTIG,GOETZEL,3,male,3,DEJESUSFATTIG@hospital.com
doc569,123456,BAUSE,SAWDON,GELBERG,4,female,1,BAUSESAWDON@hospital.com
doc57,123456,SANNING,RESIDES,PHU,9,female,3,SANNINGRESIDES@hospital.com
doc570,123456,BECHERER,LAZU,GAZLEY,1,male,4,BECHERERLAZU@hospital.com
doc571,123456,BONJEAN,KANADY,SULKIN,1,female,1,BONJEANKANADY@hospital.com
doc572,123456,DEROUEN,LYERLY,TRITZ,2,male,3,DEROUENLYERLY@hospital.com
doc573,123456,COOMBS,DALBEY,BIEGANSKI,9,female,1,COOMBSDALBEY@hospital.com
doc574,123456,WOULLARD,TOLLAKSON,COE,6,male,2,WOULLARDTOLLAKSON@hospital.com
doc575,123456,FISHLER,ZOMBECK,HASKILL,5,female,1,FISHLERZOMBECK@hospital.com
doc576,123456,IMFELD,CLANCE,MAJESKE,5,male,2,IMFELDCLANCE@hospital.com
doc577,123456,REDDING,CATINA,BAXER,9,female,1,REDDINGCATINA@hospital.com
doc578,123456,PITTLER,DEMULLING,LOUNG,7,male,4,PITTLERDEMULLING@hospital.com
doc579,123456,VANDERCAR,SHEERS,ELGART,6,female,3,VANDERCARSHEERS@hospital.com
doc58,123456,MILD,HEDRICKS,CONO,4,male,5,MILDHEDRICKS@hospital.com
doc580,123456,MINKIN,MCCLARD,FOSBINDER,9,male,1,MINKINMCCLARD@hospital.com
doc581,123456,NORALES,GREGURICH,LIDSTER,2,female,4,NORALESGREGURICH@hospital.com
doc582,123456,OSTIGUIN,ZEHNER,ZUL,8,male,1,OSTIGUINZEHNER@hospital.com
doc583,123456,COTIGNOLA,CURRI,SALARI,4,female,4,COTIGNOLACURRI@hospital.com
doc584,123456,GUNNISON,VEDRAL,CIBRIAN,8,male,3,GUNNISONVEDRAL@hospital.com
doc585,123456,AYLESWORTH,CUNAGIN,BOLOCK,6,female,1,AYLESWORTHCUNAGIN@hospital.com
doc586,123456,STUDSTILL,BAISLEY,SHERWOOD,3,male,5,STUDSTILLBAISLEY@hospital.com
doc587,123456,RIEBLING,RIOZ,KOFMAN,4,female,3,RIEBLINGRIOZ@hospital.com
doc588,123456,ASCHBRENNER,JEANFREAU,TOLOSA,4,male,3,ASCHBRENNERJEANFREAU@hospital.com
doc589,123456,RAGGIO,ADAMOPOULOS,EMILIO,7,female,1,RAGGIOADAMOPOULOS@hospital.com
doc59,123456,SKAJA,OGRODNIK,ALWES,5,female,5,SKAJAOGRODNIK@hospital.com
doc590,123456,MCCALEB,BRICHTA,GOLNICK,7,male,3,MCCALEBBRICHTA@hospital.com
doc591,123456,LAMMEY,GUSTILO,HODGE,5,female,2,LAMMEYGUSTILO@hospital.com
doc592,123456,SHOULTZ,ROSAR,SOTTOSANTI,6,male,3,SHOULTZROSAR@hospital.com
doc593,123456,COTTEY,TETO,BIGELOW,1,female,5,COTTEYTETO@hospital.com
doc594,123456,ABEND,ROURK,BONDER,5,male,5,ABENDROURK@hospital.com
doc595,123456,POLILLO,LITTO,VANDEWEERD,4,female,3,POLILLOLITTO@hospital.com
doc596,123456,BALDIZON,MEITZNER,HONKONEN,3,male,4,BALDIZONMEITZNER@hospital.com
doc597,123456,FRIST,RIEGLER,BUENO,4,female,3,FRISTRIEGLER@hospital.com
doc598,123456,GRINDROD,PAPAS,VANOSDOL,7,male,4,GRINDRODPAPAS@hospital.com
doc599,123456,VIDAK,REGELE,CARRILO,1,female,2,VIDAKREGELE@hospital.com
doc6,123456,BOULD,PERTEE,DESMEDT,9,male,5,BOULDPERTEE@hospital.com
doc60,123456,NORMANDEAU,BRIZZI,NICHOIS,4,male,4,NORMANDEAUBRIZZI@hospital.com
doc600,123456,JANZ,SCAFURI,MAMUN,8,male,3,JANZSCAFURI@hospital.com
doc601,123456,SECCOMBE,HEARY,CHANTHARATH,1,female,1,SECCOMBEHEARY@hospital.com
doc602,123456,DUHAN,DELMURO,HIGHSTREET,3,male,4,DUHANDELMURO@hospital.com
doc603,123456,BESANCENEY,SLATON,BAGAN,4,female,2,BESANCENEYSLATON@hospital.com
doc604,123456,LIMBERT,AROYO,DIGAN,2,male,5,LIMBERTAROYO@hospital.com
doc605,123456,ANDRACKI,EDGER,BURNAU,5,female,3,ANDRACKIEDGER@hospital.com
doc606,123456,TESTA,GORLICK,KOOMSON,7,male,3,TESTAGORLICK@hospital.com
doc607,123456,BILICKI,BACKENSTO,STANKO,7,female,4,BILICKIBACKENSTO@hospital.com
doc608,123456,WERNERT,TEETS,LAFLAME,7,male,1,WERNERTTEETS@hospital.com
doc609,123456,BRUCKS,REUSCHEL,RIGHTNOUR,6,female,1,BRUCKSREUSCHEL@hospital.com
doc61,123456,TEMPEST,ELLINGHAUS,PURVIS,5,female,1,TEMPESTELLINGHAUS@hospital.com
doc610,123456,ALSPACH,CICORIA,ERHARD,1,male,5,ALSPACHCICORIA@hospital.com
doc611,123456,SARWARI,DOLCI,REYNOZA,6,female,5,SARWARIDOLCI@hospital.com
doc612,123456,HELBIG,BOLME,RASURE,5,male,2,HELBIGBOLME@hospital.com
doc613,123456,DALABA,JOPP,AMBROSINO,6,female,2,DALABAJOPP@hospital.com
doc614,123456,HENAGER,SUCKLING,GIMENO,1,male,2,HENAGERSUCKLING@hospital.com
doc615,123456,FUDE,MIGITA,BRENTON,9,female,5,FUDEMIGITA@hospital.com
doc616,123456,RANDON,HOSSMAN,HELTERBRAND,6,male,2,RANDONHOSSMAN@hospital.com
doc617,123456,CORDOVA,OCH,SUMRALL,4,female,2,CORDOVAOCH@hospital.com
doc618,123456,HEBERLIG,OROSS,GITTO,5,male,5,HEBERLIGOROSS@hospital.com
doc619,123456,ZMIJEWSKI,MATSEY,BAUTZ,1,female,2,ZMIJEWSKIMATSEY@hospital.com
doc62,123456,SLIWA,SCHAUBLIN,MOUTINHO,1,male,5,SLIWASCHAUBLIN@hospital.com
doc620,123456,PALL,GUSTAFSSON,LALANCETTE,8,male,4,PALLGUSTAFSSON@hospital.com
doc621,123456,QUALE,RAYMENT,PIPPER,5,female,3,QUALERAYMENT@hospital.com
doc622,123456,CARUS,TARIQ,LOVETERE,6,male,2,CARUSTARIQ@hospital.com
doc623,123456,DASENT,LOCKLIER,BOCKELMAN,6,female,4,DASENTLOCKLIER@hospital.com
doc624,123456,LAURORE,FABBRINI,WESTMAAS,3,male,2,LAUROREFABBRINI@hospital.com
doc625,123456,CLARIDY,FABROS,JURENKA,1,female,1,CLARIDYFABROS@hospital.com
doc626,123456,DEGENKOLB,WOLERY,CRIVARO,3,male,4,DEGENKOLBWOLERY@hospital.com
doc627,123456,CARKNER,LEISTNER,HIGBIE,3,female,2,CARKNERLEISTNER@hospital.com
doc628,123456,EKIN,SENDERS,PUCKEY,7,male,1,EKINSENDERS@hospital.com
doc629,123456,LEKARCZYK,VALDEMAR,URBAEZ,2,female,5,LEKARCZYKVALDEMAR@hospital.com
doc63,123456,BUTZBACH,SHELTER,DELGUERCIO,4,female,3,BUTZBACHSHELTER@hospital.com
doc630,123456,GIACOMO,DIVIS,HALDIMAN,9,male,2,GIACOMODIVIS@hospital.com
doc631,123456,WASIKOWSKI,MENLEY,SIEVERTS,3,female,1,WASIKOWSKIMENLEY@hospital.com
doc632,123456,TAUTFEST,REISKE,HOLLOPETER,6,male,4,TAUTFESTREISKE@hospital.com
doc633,123456,FOSBERG,PERVAN,WINESETT,2,female,2,FOSBERGPERVAN@hospital.com
doc634,123456,MOLAN,STOETZEL,KURZINSKI,5,male,1,MOLANSTOETZEL@hospital.com
doc635,123456,MARIETTE,BODDIE,CASTRO,3,female,4,MARIETTEBODDIE@hospital.com
doc636,123456,DREFKE,WESSLER,LONGANBACH,3,male,4,DREFKEWESSLER@hospital.com
doc637,123456,SOMMERFIELD,ZORBAS,STOECKER,1,female,4,SOMMERFIELDZORBAS@hospital.com
doc638,123456,BEECH,BESLEY,DICHIARO,4,male,2,BEECHBESLEY@hospital.com
doc639,123456,SIEVERS,RONE,OWENSBY,3,female,5,SIEVERSRONE@hospital.com
doc64,123456,IVANY,KOTAJARVI,MONSANTO,4,male,4,IVANYKOTAJARVI@hospital.com
doc640,123456,GIRTZ,KINI,LAMAN,7,male,1,GIRTZKINI@hospital.com
doc641,123456,MURAKAWA,NICHOLSEN,LOUDNER,2,female,1,MURAKAWANICHOLSEN@hospital.com
doc642,123456,STRIETELMEIER,GOTBERG,VOLLEN,4,male,5,STRIETELMEIERGOTBERG@hospital.com
doc643,123456,CHOLETTE,CSANYI,SMOLICH,9,female,2,CHOLETTECSANYI@hospital.com
doc644,123456,RADZIKOWSKI,VENDEMIA,ZOZ,9,male,3,RADZIKOWSKIVENDEMIA@hospital.com
doc645,123456,ROSENCRANCE,ELLYSON,HIGAKI,8,female,3,ROSENCRANCEELLYSON@hospital.com
doc646,123456,MEEDS,HARTWIG,DAHLINGHAUS,2,male,5,MEEDSHARTWIG@hospital.com
doc647,123456,CALLICOTT,CHIPLEY,PERIMAN,9,female,4,CALLICOTTCHIPLEY@hospital.com
doc648,123456,ACTIS,BILLESBACH,CALIN,1,male,5,ACTISBILLESBACH@hospital.com
doc649,123456,STABEN,STIRLING,ELIASON,7,female,1,STABENSTIRLING@hospital.com
doc65,123456,OVERLEY,GERE,KOETTERS,4,female,4,OVERLEYGERE@hospital.com
doc650,123456,VANDERVER,DESARRO,HOORN,8,male,3,VANDERVERDESARRO@hospital.com
doc651,123456,BASDEO,WLAZLO,ONISKO,3,female,5,BASDEOWLAZLO@hospital.com
doc652,123456,LINHART,BISGROVE,ROGOZINSKI,2,male,5,LINHARTBISGROVE@hospital.com
doc653,123456,BESHEARS,PEGUERO,NUGEN,3,female,1,BESHEARSPEGUERO@hospital.com
doc654,123456,POLAKOFF,PERRA,GAGUM,4,male,1,POLAKOFFPERRA@hospital.com
doc655,123456,BEDIAKO,DURHEIM,KANASKIE,2,female,4,BEDIAKODURHEIM@hospital.com
doc656,123456,JERMANN,NAGUIT,DEFEDE,6,male,4,JERMANNNAGUIT@hospital.com
doc657,123456,DELVAL,PARFREY,PROW,9,female,1,DELVALPARFREY@hospital.com
doc658,123456,GLAZEWSKI,CAMPAGNOLA,BEHNEY,6,male,2,GLAZEWSKICAMPAGNOLA@hospital.com
doc659,123456,LENNARTZ,REALINI,SHELLHORN,6,female,3,LENNARTZREALINI@hospital.com
doc66,123456,HOLDCROFT,LUHM,NIZOLEK,1,male,3,HOLDCROFTLUHM@hospital.com
doc660,123456,MALMANGER,BLADO,DINKELMAN,2,male,3,MALMANGERBLADO@hospital.com
doc661,123456,RODREQUEZ,DENARDI,GATTE,4,female,4,RODREQUEZDENARDI@hospital.com
doc662,123456,CAVERA,LAUSH,PESSOA,5,male,1,CAVERALAUSH@hospital.com
doc663,123456,BULLEN,VONACHEN,UPPAL,8,female,2,BULLENVONACHEN@hospital.com
doc664,123456,MISKO,MILLUS,GRONEMAN,6,male,5,MISKOMILLUS@hospital.com
doc665,123456,VIERNES,ROMZEK,CEBULSKI,8,female,1,VIERNESROMZEK@hospital.com
doc666,123456,STASEK,CASELLA,COURTER,2,male,3,STASEKCASELLA@hospital.com
doc667,123456,BADUA,GLATFELTER,FISHKIN,2,female,3,BADUAGLATFELTER@hospital.com
doc668,123456,PEST,IRESON,BIANCONE,4,male,4,PESTIRESON@hospital.com
doc669,123456,ZEMLOCK,MALARY,SAEDI,7,female,5,ZEMLOCKMALARY@hospital.com
doc67,123456,MADLENER,COEY,ZWEIGART,2,female,1,MADLENERCOEY@hospital.com
doc670,123456,SCHNETZER,FREIBURGER,PATTERMANN,6,male,5,SCHNETZERFREIBURGER@hospital.com
doc671,123456,NIELSON,THIFFAULT,CERBO,7,female,2,NIELSONTHIFFAULT@hospital.com
doc672,123456,GRUNDLER,GASCOYNE,GUMATAOTAO,4,male,3,GRUNDLERGASCOYNE@hospital.com
doc673,123456,VERDU,PREMEAUX,SCHWERING,7,female,3,VERDUPREMEAUX@hospital.com
doc674,123456,RAMROOP,DOONE,LUNDH,7,male,1,RAMROOPDOONE@hospital.com
doc675,123456,SWAINE,BULACH,MELOCHE,7,female,1,SWAINEBULACH@hospital.com
doc676,123456,BENDAVID,GRISDALE,FRESCH,5,male,4,BENDAVIDGRISDALE@hospital.com
doc677,123456,PETRIS,WEHBA,BASS,7,female,5,PETRISWEHBA@hospital.com
doc678,123456,EIDE,RUTHVEN,COSSON,5,male,5,EIDERUTHVEN@hospital.com
doc679,123456,KENERLY,FUNCH,DONOVAN,5,female,1,KENERLYFUNCH@hospital.com
doc68,123456,ESKINS,GINSBACH,CHAPUIS,5,male,2,ESKINSGINSBACH@hospital.com
doc680,123456,BARKINS,ODEN,CUMBERBATCH,7,male,2,BARKINSODEN@hospital.com
doc681,123456,KISTNER,SEUM,HITCHCOCK,1,female,1,KISTNERSEUM@hospital.com
doc682,123456,NAMVAR,KIRSHY,BASTABLE,8,male,4,NAMVARKIRSHY@hospital.com
doc683,123456,CHADWELL,GREBER,TORAN,6,female,4,CHADWELLGREBER@hospital.com
doc684,123456,MORGANTI,PARHM,DOEHRING,2,male,5,MORGANTIPARHM@hospital.com
doc685,123456,POCHRON,BEAHR,SWIMLEY,3,female,1,POCHRONBEAHR@hospital.com
doc686,123456,MILLIREN,HADZIC,LZ,4,male,3,MILLIRENHADZIC@hospital.com
doc687,123456,CONROE,PFENNING,FUNNEMAN,1,female,5,CONROEPFENNING@hospital.com
doc688,123456,DELOACHE,SWOAPE,MENDIETA,5,male,5,DELOACHESWOAPE@hospital.com
doc689,123456,STEGEMILLER,TAFF,VANORSDEL,8,female,5,STEGEMILLERTAFF@hospital.com
doc69,123456,YERGEY,DELAUDER,STEFANSKY,3,female,2,YERGEYDELAUDER@hospital.com
doc690,123456,MULLIS,LAMIE,TASTET,9,male,1,MULLISLAMIE@hospital.com
doc691,123456,CANIDATE,SCHNORENBERG,BUDDIE,8,female,3,CANIDATESCHNORENBERG@hospital.com
doc692,123456,NICKLE,SALAY,RYLEE,1,male,4,NICKLESALAY@hospital.com
doc693,123456,LABRASCA,PETTRONE,BI,1,female,4,LABRASCAPETTRONE@hospital.com
doc694,123456,KALYAN,SHAER,ZEGA,5,male,3,KALYANSHAER@hospital.com
doc695,123456,HAROOTUNIAN,TELLAS,IORG,5,female,5,HAROOTUNIANTELLAS@hospital.com
doc696,123456,HERLEIN,ANGER,MUSIELAK,7,male,3,HERLEINANGER@hospital.com
doc697,123456,HAMET,MCCLANNAHAN,NEWMASTER,8,female,4,HAMETMCCLANNAHAN@hospital.com
doc698,123456,NICKLE,MILLIRONS,JAMIL,9,male,2,NICKLEMILLIRONS@hospital.com
doc699,123456,SHERILL,VERNOOY,KULENKAMP,9,female,5,SHERILLVERNOOY@hospital.com
doc7,123456,SCHNIDT,SCHOENTHALER,LANCTOT,7,female,4,SCHNIDTSCHOENTHALER@hospital.com
doc70,123456,GAULKE,BALTAYAN,PEARLMUTTER,9,male,2,GAULKEBALTAYAN@hospital.com
doc700,123456,MINARDO,ONEALE,NEUSTEIN,4,male,3,MINARDOONEALE@hospital.com
doc701,123456,MCKIMMEY,MALLE,ZION,5,female,2,MCKIMMEYMALLE@hospital.com
doc702,123456,RADECKE,MITAS,DENURE,9,male,5,RADECKEMITAS@hospital.com
doc703,123456,WILLIAMSBEY,BENNINGFIELD,SCHRIENER,1,female,3,WILLIAMSBEYBENNINGFIELD@hospital.com
doc704,123456,STOWES,KEWISH,COLONA,9,male,1,STOWESKEWISH@hospital.com
doc705,123456,JOBSON,CASSARINO,SCHIMEK,8,female,4,JOBSONCASSARINO@hospital.com
doc706,123456,MEME,MITTAL,HILLOCK,6,male,3,MEMEMITTAL@hospital.com
doc707,123456,MI,ALSTOTT,LOACH,6,female,3,MIALSTOTT@hospital.com
doc708,123456,RYSDAM,MALANGA,LOEGERING,5,male,5,RYSDAMMALANGA@hospital.com
doc709,123456,MCANENY,NEWNUM,BEARCE,5,female,5,MCANENYNEWNUM@hospital.com
doc71,123456,NANTHAVONG,PIERS,HANGGE,9,female,4,NANTHAVONGPIERS@hospital.com
doc710,123456,BOOKMYER,KAHOOKELE,CONDRAY,9,male,5,BOOKMYERKAHOOKELE@hospital.com
doc711,123456,ZAMBORY,MCKINNIE,MILEWSKI,7,female,4,ZAMBORYMCKINNIE@hospital.com
doc712,123456,FLOERKE,MCPARTLIN,MECCHI,1,male,2,FLOERKEMCPARTLIN@hospital.com
doc713,123456,BOORSMA,WITTIE,GRISOLIA,9,female,5,BOORSMAWITTIE@hospital.com
doc714,123456,NIERMAN,CUSHNIE,ZVONEK,8,male,3,NIERMANCUSHNIE@hospital.com
doc715,123456,SAITZ,DARIES,KRUMEL,6,female,3,SAITZDARIES@hospital.com
doc716,123456,PEARN,HIREMATH,KANNER,9,male,5,PEARNHIREMATH@hospital.com
doc717,123456,ESTIOKO,BERRA,SCHRAMER,7,female,3,ESTIOKOBERRA@hospital.com
doc718,123456,NI,TOUB,CHARITON,8,male,1,NITOUB@hospital.com
doc719,123456,CHIARULLI,DOSSMAN,DZIENIS,4,female,4,CHIARULLIDOSSMAN@hospital.com
doc72,123456,MIMNAUGH,USHMAN,VONTHUN,8,male,4,MIMNAUGHUSHMAN@hospital.com
doc720,123456,LUKOW,LAROQUE,WURDEMAN,1,male,4,LUKOWLAROQUE@hospital.com
doc721,123456,BRANCATO,BRYN,LOAFMAN,1,female,1,BRANCATOBRYN@hospital.com
doc722,123456,HARTLEIN,VALANT,TOUHEY,5,male,3,HARTLEINVALANT@hospital.com
doc723,123456,EIVINS,LAMONDA,SPOLJARIC,8,female,5,EIVINSLAMONDA@hospital.com
doc724,123456,KOKX,SHEPLEY,DALLAPE,3,male,1,KOKXSHEPLEY@hospital.com
doc725,123456,PINGUL,SHUMARD,MENDYKA,9,female,1,PINGULSHUMARD@hospital.com
doc726,123456,DUPERRON,VAAGE,MAKOVSKY,6,male,1,DUPERRONVAAGE@hospital.com
doc727,123456,GULLY,ORTIZMARTINEZ,ESTERBY,8,female,3,GULLYORTIZMARTINEZ@hospital.com
doc728,123456,GRESCHNER,DELONG,PITTENGER,4,male,2,GRESCHNERDELONG@hospital.com
doc729,123456,SABIO,MACDONOUGH,BATTIEST,6,female,4,SABIOMACDONOUGH@hospital.com
doc73,123456,WANDEL,STBERNARD,MOHNING,5,female,4,WANDELSTBERNARD@hospital.com
doc730,123456,COUR,HAWMAN,SANSOTTA,5,male,3,COURHAWMAN@hospital.com
doc731,123456,PIVEC,SCHNARR,GRINE,4,female,3,PIVECSCHNARR@hospital.com
doc732,123456,MALDA,PRINSTER,FORSEN,5,male,2,MALDAPRINSTER@hospital.com
doc733,123456,VANNERSON,HANDORF,PACA,4,female,3,VANNERSONHANDORF@hospital.com
doc734,123456,ARRIERO,CARINGELLA,SALVATORIELLO,2,male,4,ARRIEROCARINGELLA@hospital.com
doc735,123456,SCHECHNER,JADE,POULOSE,8,female,2,SCHECHNERJADE@hospital.com
doc736,123456,GRAIL,TERRITO,RAESE,1,male,1,GRAILTERRITO@hospital.com
doc737,123456,SLOVINSKY,DIETCH,MAMMEL,8,female,3,SLOVINSKYDIETCH@hospital.com
doc738,123456,SAMOA,CLEWS,ASGHAR,9,male,2,SAMOACLEWS@hospital.com
doc739,123456,BENNANI,DASCOMB,NOLAND,7,female,4,BENNANIDASCOMB@hospital.com
doc74,123456,NOAH,MARRA,MKRTCHYAN,3,male,4,NOAHMARRA@hospital.com
doc740,123456,NALE,STREEPY,KABANA,3,male,5,NALESTREEPY@hospital.com
doc741,123456,HEISZ,MACKLEM,POELLNITZ,4,female,2,HEISZMACKLEM@hospital.com
doc742,123456,SHADELL,SHELLHART,RASHADA,9,male,2,SHADELLSHELLHART@hospital.com
doc743,123456,SWONKE,PIETRAFESA,SCALFARO,4,female,3,SWONKEPIETRAFESA@hospital.com
doc744,123456,MALAY,VARONE,CASHWELL,3,male,3,MALAYVARONE@hospital.com
doc745,123456,KIRMANI,GRANGER,ERKMAN,1,female,3,KIRMANIGRANGER@hospital.com
doc746,123456,BARTNESS,FOREY,HEMRAJ,2,male,3,BARTNESSFOREY@hospital.com
doc747,123456,SZYMANIK,CANDOW,NAKONECHNY,1,female,4,SZYMANIKCANDOW@hospital.com
doc748,123456,WESNEY,WIEFERICH,RITTENBACH,7,male,2,WESNEYWIEFERICH@hospital.com
doc749,123456,STROBEL,UNIATOWSKI,ROSSNER,4,female,2,STROBELUNIATOWSKI@hospital.com
doc75,123456,DOLCI,PODULKA,GRIGAITIS,5,female,3,DOLCIPODULKA@hospital.com
doc750,123456,TANSLEY,PALAMARA,MATHIEW,8,male,1,TANSLEYPALAMARA@hospital.com
doc751,123456,CZLAPINSKI,GOECKE,WELDY,5,female,5,CZLAPINSKIGOECKE@hospital.com
doc752,123456,AGADO,TRIGO,NYSTRAND,6,male,2,AGADOTRIGO@hospital.com
doc753,123456,HUGHSTON,PEDROTTI,LOVLEY,9,female,4,HUGHSTONPEDROTTI@hospital.com
doc754,123456,AFFRUNTI,SHOLLER,TANKSON,6,male,4,AFFRUNTISHOLLER@hospital.com
doc755,123456,SMOTHERMON,SEDGLEY,JANECKA,4,female,4,SMOTHERMONSEDGLEY@hospital.com
doc756,123456,DILULLO,SLOVIN,PEKARSKY,8,male,2,DILULLOSLOVIN@hospital.com
doc757,123456,SEBRING,BINGMAN,DRAGICEVICH,1,female,3,SEBRINGBINGMAN@hospital.com
doc758,123456,BRENOT,BLAMBLE,TESSENEER,9,male,4,BRENOTBLAMBLE@hospital.com
doc759,123456,RUNDLES,PAAR,ASKELAND,5,female,4,RUNDLESPAAR@hospital.com
doc76,123456,GROARK,HATLEN,SATTER,8,male,1,GROARKHATLEN@hospital.com
doc760,123456,CATTIN,DORWART,COSTIC,9,male,1,CATTINDORWART@hospital.com
doc761,123456,HIDY,FRAGUA,STOTTSBERRY,3,female,5,HIDYFRAGUA@hospital.com
doc762,123456,SOBIE,BARRICELLA,BURKUS,9,male,4,SOBIEBARRICELLA@hospital.com
doc763,123456,BERGH,BRYAR,HACKLEMAN,1,female,3,BERGHBRYAR@hospital.com
doc764,123456,HUSH,SUGANUMA,SHOLTS,3,male,5,HUSHSUGANUMA@hospital.com
doc765,123456,KOPFF,DUROW,KIEPKE,2,female,2,KOPFFDUROW@hospital.com
doc766,123456,TOMB,HAMERLY,PALAZZOLA,2,male,5,TOMBHAMERLY@hospital.com
doc767,123456,GUENZLER,PAM,MONCIER,4,female,4,GUENZLERPAM@hospital.com
doc768,123456,RAJAH,HAVA,WOLLERMAN,8,male,5,RAJAHHAVA@hospital.com
doc769,123456,DENI,NOSSAMAN,FLASKA,6,female,2,DENINOSSAMAN@hospital.com
doc77,123456,AASEN,PACLEB,POTTHOFF,9,female,4,AASENPACLEB@hospital.com
doc770,123456,PARRILL,OKINAKA,GALURA,6,male,2,PARRILLOKINAKA@hospital.com
doc771,123456,IGNASZEWSKI,ACKROYD,STROJNY,4,female,1,IGNASZEWSKIACKROYD@hospital.com
doc772,123456,SORKNESS,CRAIGUE,SOCHER,4,male,5,SORKNESSCRAIGUE@hospital.com
doc773,123456,VELCICH,RIGG,CIARAMELLO,4,female,1,VELCICHRIGG@hospital.com
doc774,123456,VANSINGEL,TAMKIN,NOVIKOFF,8,male,5,VANSINGELTAMKIN@hospital.com
doc775,123456,PAPISH,HOSKIE,GADIENT,4,female,4,PAPISHHOSKIE@hospital.com
doc776,123456,KUANG,ZAVALETA,FAVUZZI,8,male,2,KUANGZAVALETA@hospital.com
doc777,123456,LIVSEY,MENAKER,VENDITTO,9,female,2,LIVSEYMENAKER@hospital.com
doc778,123456,OPEKA,JALBERT,ZIRPEL,1,male,4,OPEKAJALBERT@hospital.com
doc779,123456,VANHAUEN,DELORD,TURVEY,2,female,1,VANHAUENDELORD@hospital.com
doc78,123456,SCHULLO,BENDA,BRAGE,1,male,3,SCHULLOBENDA@hospital.com
doc780,123456,SLUPSKI,KRUGLE,CERVERA,2,male,4,SLUPSKIKRUGLE@hospital.com
doc781,123456,AZPEITIA,BALKARAN,SABAS,3,female,5,AZPEITIABALKARAN@hospital.com
doc782,123456,DINKEL,KAPPELER,LOCH,4,male,2,DINKELKAPPELER@hospital.com
doc783,123456,BOAS,RECTO,BALKUS,1,female,1,BOASRECTO@hospital.com
doc784,123456,DRUIN,SCHWANEBECK,OMASTA,6,male,1,DRUINSCHWANEBECK@hospital.com
doc785,123456,KRAKOSKY,UNTERBORN,KRIENER,3,female,5,KRAKOSKYUNTERBORN@hospital.com
doc786,123456,MABBOTT,BERLOW,BRUNDLE,1,male,3,MABBOTTBERLOW@hospital.com
doc787,123456,BREDING,MOCK,GOODSITE,8,female,4,BREDINGMOCK@hospital.com
doc788,123456,WALLERS,ROEBLING,TUN,4,male,5,WALLERSROEBLING@hospital.com
doc789,123456,JERZYK,BUILTA,KAETZEL,3,female,4,JERZYKBUILTA@hospital.com
doc79,123456,GANCI,KELBLEY,NUSBAUM,4,female,3,GANCIKELBLEY@hospital.com
doc790,123456,BRAZILL,LIPTROT,BUFFER,6,male,2,BRAZILLLIPTROT@hospital.com
doc791,123456,SWERSKY,BELOHLAVEK,NUTWELL,4,female,3,SWERSKYBELOHLAVEK@hospital.com
doc792,123456,MUNCY,LOCHMANN,FREET,7,male,5,MUNCYLOCHMANN@hospital.com
doc793,123456,SCHIMMOELLER,MASANGKAY,WYLDE,3,female,3,SCHIMMOELLERMASANGKAY@hospital.com
doc794,123456,BUNE,ADNEY,BOESL,8,male,4,BUNEADNEY@hospital.com
doc795,123456,ABDON,BENNEFELD,LOVEWELL,4,female,4,ABDONBENNEFELD@hospital.com
doc796,123456,YAMAT,SENATUS,SIGOUIN,8,male,3,YAMATSENATUS@hospital.com
doc797,123456,KINZEL,GRINLEY,KUESTER,6,female,1,KINZELGRINLEY@hospital.com
doc798,123456,LAYTART,HEIMERMAN,KURTH,4,male,5,LAYTARTHEIMERMAN@hospital.com
doc799,123456,KLEMISH,CARRIE,SUON,3,female,2,KLEMISHCARRIE@hospital.com
doc8,123456,FAVIS,BONANNI,LODZINSKI,6,male,2,FAVISBONANNI@hospital.com
doc80,123456,RHONE,SCHLENDER,ZAHL,8,male,5,RHONESCHLENDER@hospital.com
doc81,123456,HITZEL,FULWILEY,COS,6,female,2,HITZELFULWILEY@hospital.com
doc82,123456,KRIVANEC,KENNEFICK,GRIMBLE,7,male,3,KRIVANECKENNEFICK@hospital.com
doc83,123456,FALLACARO,DOOGAN,EDEEN,3,female,5,FALLACARODOOGAN@hospital.com
doc84,123456,BURGGRAF,SIMEUS,PERTILE,5,male,4,BURGGRAFSIMEUS@hospital.com
doc85,123456,STUBBS,MITCHENER,ASLESON,3,female,1,STUBBSMITCHENER@hospital.com
doc86,123456,KLINGER,CLODFELTER,STRANC,9,male,5,KLINGERCLODFELTER@hospital.com
doc87,123456,GIACCO,FITTERMAN,GILKERSON,6,female,4,GIACCOFITTERMAN@hospital.com
doc88,123456,AUSBERRY,GUNNARSSON,FONS,1,male,3,AUSBERRYGUNNARSSON@hospital.com
doc89,123456,ROBLE,DRES,SOKAL,9,female,4,ROBLEDRES@hospital.com
doc9,123456,MILUM,MEISELMAN,SAKHI,5,female,5,MILUMMEISELMAN@hospital.com
doc90,123456,PALOMERA,CARENZA,SECULA,6,male,1,PALOMERACARENZA@hospital.com
doc91,123456,NELOMS,HANKTON,TROGE,8,female,3,NELOMSHANKTON@hospital.com
doc92,123456,FUGER,FARNELL,TEEVAN,2,male,1,FUGERFARNELL@hospital.com
doc93,123456,SHOVLIN,CAFFERTY,GRIMSHAW,2,female,1,SHOVLINCAFFERTY@hospital.com
doc94,123456,FORNER,AGATON,SMERDEL,7,male,4,FORNERAGATON@hospital.com
doc95,123456,DEVERGER,SAINTLOUIS,BERUMEN,2,female,5,DEVERGERSAINTLOUIS@hospital.com
doc96,123456,BEHNEN,PROCOPIO,MANICKE,2,male,3,BEHNENPROCOPIO@hospital.com
doc97,123456,FLEMER,HUTTINGER,SCHIERLOH,1,female,4,FLEMERHUTTINGER@hospital.com
doc98,123456,REDIN,DEMPS,INGEBRETSON,3,male,5,REDINDEMPS@hospital.com
doc99,123456,ROUSON,HAEFLING,GOCKE,8,female,4,ROUSONHAEFLING@hospital.com
